orf_id	molecular_weight_da	net_charge_pH7	mean_hydrophobicity	hydrophobic_ratio	amphipathic_moment	boman_index	wimley_white	instability_index	aliphatic_index	gravy	isoelectric_point	aromaticity	cysteine_ratio	disorder_propensity	length_aa	positive_residues	negative_residues	tiny_residues
contig_5_s-_f0_orf80	19693.1	9	0.0843	0.4939	0.1744	-0.4559	0.2239	80.89	94.39	-0.0488	7.27	0.1159	0.0122	0.2744	164	34	25	17
contig_1_s-_f1_orf46	4373.1	2	0.1511	0.5833	0.3534	-0.6531	0.0567	43.06	110.83	0.6056	7.28	0.1389	0.0556	0.1944	36	6	4	4
contig_1_s+_f2_orf10	21417.9	30	0.0267	0.4943	0.2894	-0.5017	0.1582	36.56	83.97	0.0017	7.86	0.1322	0.046	0.2816	174	44	14	18
contig_6_s-_f0_orf83	7264.2	9	-0.0193	0.4915	0.229	-0.4305	0.1086	48.65	76.1	-0.1119	7.76	0.1525	0.0678	0.2542	59	14	5	10
contig_3_s+_f0_orf4	11224.8	16	-0.0433	0.4944	0.1829	-0.4751	0.1092	42.85	89.78	-0.273	7.9	0.1685	0.0225	0.2472	89	25	9	10
contig_1_s-_f1_orf72	9939.1	5	0.0033	0.4615	0.0954	-0.4476	0.1891	55.03	69.87	-0.3064	7.32	0.2051	0.0256	0.2436	78	18	13	4
contig_1_s-_f2_orf78	8428.9	9	0.2306	0.5735	0.397	-0.7088	0.0928	27.33	114.56	0.4794	7.66	0.1471	0.0294	0.25	68	15	6	7
contig_4_s-_f1_orf68	11287.5	8	-0.0626	0.4368	0.4611	-0.4102	0.1986	45.69	85.17	-0.6552	7.46	0.1494	0.023	0.1609	87	23	15	3
contig_6_s+_f1_orf45	19821.5	20	0.0961	0.5094	0.0808	-0.5387	0.0588	65.11	81.57	-0.078	7.63	0.1761	0.0126	0.2453	159	34	14	15
contig_4_s+_f0_orf44	20443.2	19	-0.1579	0.4663	0.2005	-0.2561	0.3169	24.35	64.05	-0.6074	7.58	0.1534	0.0123	0.362	163	46	27	17
contig_5_s-_f1_orf66	11702.4	9	0.0421	0.4792	0.1124	-0.4659	0.2353	29.17	103.33	0.1448	7.47	0.1042	0.0625	0.2292	96	20	11	6
contig_4_s+_f1_orf20	10741.5	3	0.1553	0.5977	0.2689	-0.5684	0.1116	34.12	104.37	0.1437	7.17	0.1264	0.0115	0.3218	87	14	11	10
contig_5_s-_f1_orf53	20541.2	19	0.0072	0.5059	0.3945	-0.3892	0.2628	31.46	90.06	-0.1653	7.56	0.1118	0.0059	0.2882	170	42	23	20
contig_1_s-_f1_orf176	12394.8	13	0.0478	0.3939	0.0857	-0.4309	0.0052	32.14	50.1	-0.2424	7.66	0.2424	0.0808	0.2525	99	20	7	12
contig_6_s-_f1_orf65	12541.1	12	-0.1772	0.4059	0.4135	-0.2299	0.2872	19.82	70.4	-0.6653	7.59	0.1485	0.0198	0.3267	101	27	15	8
contig_1_s+_f1_orf7	6157.2	8	0.2882	0.6122	0.1271	-0.8073	-0.1545	29.12	87.55	0.4143	7.82	0.2245	0.0	0.2245	49	9	1	7
contig_1_s+_f0_orf626	17013.0	3	0.0755	0.381	0.2503	-0.3192	0.2312	42.38	81.56	-0.1599	7.1	0.0816	0.068	0.3265	147	19	16	14
contig_5_s+_f1_orf33	20902.6	18	0.0378	0.5235	0.4199	-0.4381	0.1725	57.75	84.47	-0.2376	7.53	0.1471	0.0	0.3176	170	40	22	24
contig_4_s+_f2_orf58	6520.4	6	0.1374	0.5472	0.0611	-0.6043	0.0119	0.83	70.0	-0.0377	7.57	0.1509	0.0	0.283	53	10	4	10
contig_3_s+_f2_orf416	16100.7	17	0.0012	0.3841	0.388	-0.3083	0.1818	49.1	67.9	-0.3275	7.62	0.1087	0.0435	0.3841	138	26	9	27
contig_6_s-_f1_orf636	9595.8	7	0.0527	0.3827	0.1441	-0.3651	0.0915	17.25	62.59	-0.3333	7.43	0.1358	0.0494	0.3827	81	11	4	12
contig_1_s-_f2_orf298	20578.8	18	-0.1254	0.375	0.135	-0.2731	0.1664	42.26	62.08	-0.5101	7.54	0.1488	0.0595	0.2976	168	34	16	21
contig_4_s-_f0_orf610	20471.6	19	-0.0655	0.3506	0.0989	-0.2261	0.2494	36.41	66.67	-0.4213	7.55	0.1092	0.0575	0.3563	174	34	15	29
contig_5_s+_f0_orf94	9601.6	2	0.2851	0.4512	0.2507	-0.558	-0.0379	21.37	77.32	0.2378	7.12	0.1829	0.0488	0.3537	82	8	6	16
contig_1_s-_f0_orf588	12316.4	9	-0.0428	0.3592	0.1104	-0.3372	0.076	50.28	78.54	-0.3583	7.44	0.165	0.0194	0.3301	103	16	7	17
contig_5_s-_f2_orf86	17075.0	15	-0.2373	0.4148	0.4522	-0.2253	0.3088	37.17	62.74	-0.7822	7.56	0.1407	0.0148	0.2889	135	38	23	14
contig_5_s-_f0_orf30	21339.9	6	-0.0039	0.4706	0.1471	-0.41	0.1912	27.97	82.0	-0.3335	7.18	0.1588	0.0294	0.2647	170	35	29	13
contig_6_s+_f0_orf161	11050.0	5	0.024	0.3368	0.1215	-0.2616	0.2168	29.08	61.47	-0.3253	7.26	0.1263	0.0632	0.2947	95	15	10	11
contig_3_s+_f2_orf429	11132.8	5	-0.041	0.3152	0.1049	-0.2483	0.1102	30.19	47.72	-0.8109	7.27	0.163	0.0435	0.3261	92	14	9	17
contig_3_s-_f0_orf41	9232.4	4	0.1074	0.4861	0.1619	-0.5065	0.1421	21.13	64.86	-0.2319	7.28	0.1944	0.0556	0.2639	72	15	11	5
contig_6_s+_f1_orf47	14281.0	16	-0.1217	0.4103	0.3365	-0.2792	0.3199	48.31	86.58	-0.4786	7.68	0.094	0.0256	0.3248	117	31	15	13
contig_6_s+_f1_orf69	12849.5	3	-0.0188	0.4747	0.2667	-0.4006	0.1673	36.32	53.23	-0.6091	7.15	0.202	0.0202	0.3232	99	21	18	9
contig_5_s+_f1_orf393	5985.6	3	0.0188	0.38	0.2142	-0.3916	0.1086	21.22	68.0	-0.35	7.3	0.14	0.04	0.32	50	7	4	7
contig_6_s-_f1_orf550	10380.5	6	0.0286	0.3889	0.4458	-0.3203	0.1464	57.03	67.22	-0.25	7.33	0.1111	0.0444	0.3889	90	14	8	17
contig_5_s-_f1_orf364	4173.6	5	-0.0497	0.3333	0.1528	-0.1997	0.2192	40.33	56.94	-0.4139	7.69	0.1389	0.0556	0.4444	36	7	2	8
contig_6_s-_f2_orf29	21158.7	28	-0.2283	0.3952	0.1353	-0.2357	0.2805	23.14	64.85	-0.8395	7.84	0.1437	0.018	0.3114	167	51	23	16
contig_2_s+_f0_orf81	14845.8	10	0.0068	0.547	0.1167	-0.4419	0.0968	46.99	65.04	-0.3239	7.43	0.2137	0.0171	0.3248	117	26	16	16
contig_6_s+_f0_orf63	12773.0	4	-0.0829	0.4216	0.1355	-0.2431	0.4014	39.61	79.31	-0.701	7.2	0.1176	0.0098	0.3137	102	25	21	8
contig_5_s+_f1_orf118	3982.6	2	-0.0432	0.3824	0.2512	-0.2388	0.2829	29.64	71.76	-0.1941	7.29	0.0882	0.0588	0.4118	34	5	3	3
contig_4_s-_f2_orf122	13912.5	7	-0.0002	0.3793	0.0634	-0.3186	0.1106	48.77	61.47	-0.4517	7.3	0.1552	0.0345	0.3534	116	16	9	15
contig_1_s-_f2_orf43	15866.5	24	-0.0296	0.5079	0.1613	-0.4832	0.1588	46.74	82.7	-0.1556	7.95	0.1587	0.0317	0.2698	126	36	12	11
contig_1_s-_f1_orf368	18287.8	8	0.0037	0.3269	0.0934	-0.2312	0.1647	36.36	53.85	-0.559	7.26	0.1346	0.0513	0.3974	156	20	12	29
contig_5_s+_f2_orf27	11011.4	15	-0.1726	0.4607	0.1468	-0.2946	0.2427	26.29	81.12	-0.5416	7.84	0.1236	0.0	0.3371	89	24	9	13
contig_4_s-_f0_orf40	22478.7	20	-0.0091	0.4716	0.3019	-0.4711	0.2053	31.7	81.87	-0.3301	7.57	0.1591	0.017	0.2614	176	45	25	10
contig_6_s-_f1_orf452	15660.4	3	0.067	0.4122	0.2801	-0.3775	0.144	54.68	59.54	-0.1992	7.11	0.1527	0.0458	0.313	131	17	14	18
contig_6_s+_f1_orf60	16649.8	9	-0.0166	0.4519	0.3556	-0.3603	0.3284	72.92	85.85	-0.2963	7.33	0.1111	0.0296	0.2889	135	32	23	12
contig_4_s+_f2_orf61	10886.3	7	0.0486	0.4615	0.4969	-0.4003	0.2356	57.35	79.34	-0.1165	7.38	0.1209	0.011	0.3187	91	19	12	10
contig_3_s+_f0_orf6	5119.7	-1	0.0093	0.5	0.3119	-0.3929	0.1667	37.73	81.19	-0.2119	6.88	0.119	0.0476	0.1905	42	7	8	4
contig_1_s+_f2_orf28	18662.5	15	-0.0299	0.517	0.5561	-0.5022	0.1804	42.99	99.46	-0.1837	7.51	0.1293	0.0136	0.2585	147	35	20	13
contig_6_s+_f0_orf419	5628.2	5	-0.0016	0.4222	0.5077	-0.3453	0.1971	0.82	52.0	-0.5422	7.56	0.1778	0.0444	0.2889	45	10	5	6
contig_2_s+_f2_orf2	20495.9	4	0.0458	0.4911	0.1191	-0.3945	0.2509	31.78	92.96	-0.1728	7.12	0.1183	0.0237	0.3077	169	34	30	21
contig_5_s+_f1_orf484	12837.4	12	-0.2141	0.381	0.3169	-0.1771	0.2507	36.36	61.33	-0.8257	7.57	0.0952	0.0381	0.3238	105	22	10	10
contig_3_s-_f1_orf580	12409.6	6	0.1388	0.42	0.3305	-0.502	-0.003	37.71	69.2	-0.2	7.3	0.23	0.04	0.26	100	15	9	11
contig_5_s+_f1_orf74	8163.3	4	-0.0053	0.5152	0.2732	-0.475	0.18	55.23	98.94	-0.0788	7.3	0.1212	0.0	0.2576	66	13	9	6
contig_2_s+_f1_orf238	16612.5	4	0.1661	0.4245	0.177	-0.4686	0.0545	33.59	75.76	-0.1194	7.14	0.1655	0.0432	0.3525	139	15	11	20
contig_3_s+_f1_orf145	18833.7	5	0.1543	0.4277	0.215	-0.4364	0.0796	35.58	84.65	-0.0119	7.16	0.1509	0.0503	0.283	159	18	13	22
contig_2_s-_f2_orf295	22660.2	4	-0.0407	0.3158	0.2129	-0.2405	0.1574	31.36	57.42	-0.7037	7.11	0.1421	0.0421	0.3526	190	27	23	30
contig_5_s-_f0_orf584	20566.6	6	0.0648	0.3953	0.1575	-0.393	0.0667	30.89	71.4	-0.3192	7.17	0.1512	0.0349	0.343	172	20	14	26
contig_6_s-_f1_orf70	15052.8	3	-0.0408	0.4833	0.1316	-0.3517	0.1853	13.2	67.5	-0.5433	7.12	0.1667	0.0083	0.35	120	23	20	16
contig_2_s+_f0_orf181	13005.8	14	0.0629	0.4019	0.0316	-0.46	0.0558	19.46	75.7	-0.2206	7.65	0.1589	0.0374	0.3364	107	19	5	14
contig_6_s+_f2_orf378	21242.8	5	-0.0502	0.309	0.3841	-0.1543	0.1939	26.52	38.43	-0.7051	7.14	0.1573	0.0787	0.3764	178	26	21	29
contig_1_s+_f1_orf152	8539.2	2	0.0548	0.36	0.0964	-0.2737	0.2921	49.58	87.07	-0.2413	7.13	0.08	0.0533	0.36	75	12	10	12
contig_4_s-_f1_orf55	22077.6	11	-0.1114	0.4489	0.4059	-0.2905	0.2799	46.74	72.67	-0.5659	7.31	0.142	0.017	0.267	176	43	32	18
contig_3_s+_f0_orf596	17684.1	5	-0.065	0.3446	0.1849	-0.1671	0.2051	75.07	48.24	-0.6264	7.17	0.1689	0.0608	0.4392	148	24	19	28
contig_2_s+_f0_orf34	6210.1	9	0.2196	0.5	0.2717	-0.642	-0.0832	33.94	70.4	0.16	7.9	0.22	0.06	0.24	50	11	2	8
contig_1_s+_f1_orf79	3242.8	3	0.1231	0.5769	0.1174	-0.7673	0.0519	45.5	146.15	0.5115	7.58	0.1154	0.0	0.1538	26	6	3	1
contig_4_s+_f1_orf219	11752.6	6	0.0876	0.3776	0.0707	-0.3507	0.0787	18.95	56.63	-0.4704	7.31	0.1837	0.0204	0.3367	98	13	7	15
contig_3_s+_f1_orf22	19374.6	11	-0.0757	0.4459	0.0684	-0.3068	0.2269	26.1	65.86	-0.5694	7.35	0.1401	0.0191	0.3312	157	35	24	20
contig_5_s+_f2_orf311	15741.2	3	0.0849	0.3704	0.213	-0.3239	0.1205	35.43	58.52	-0.1585	7.11	0.1556	0.0741	0.3556	135	14	11	22
contig_1_s-_f1_orf49	9035.1	11	0.0144	0.4853	0.0776	-0.466	0.0151	41.83	50.29	-0.6941	7.81	0.2794	0.0	0.2647	68	18	7	6
contig_5_s-_f0_orf54	4994.6	7	0.0131	0.4359	0.206	-0.4662	0.0592	32.36	54.87	-0.6128	7.9	0.2051	0.0256	0.2308	39	10	3	3
contig_1_s-_f0_orf474	12056.6	3	-0.0306	0.3333	0.2534	-0.1789	0.1709	29.02	60.38	-0.6429	7.14	0.1429	0.019	0.4	105	13	10	18
contig_2_s-_f2_orf623	22829.5	4	-0.0418	0.3182	0.1349	-0.1801	0.2501	52.17	61.11	-0.5192	7.1	0.101	0.0606	0.3788	198	27	23	31
contig_5_s-_f1_orf130	9671.5	5	0.0322	0.3	0.0689	-0.2871	0.0652	45.56	58.5	-0.4488	7.31	0.1625	0.1	0.2625	80	10	5	10
contig_2_s+_f0_orf275	9981.5	6	-0.1736	0.3059	0.1512	-0.0672	0.3073	54.4	48.24	-0.9129	7.35	0.1059	0.0235	0.3882	85	16	10	16
contig_3_s-_f2_orf360	18407.4	10	0.0346	0.4027	0.4122	-0.4263	0.014	36.79	66.71	-0.3638	7.34	0.1946	0.0336	0.3087	149	20	10	16
contig_5_s+_f1_orf19	7114.7	-6	0.0389	0.4545	0.0845	-0.3596	0.172	41.71	53.09	-0.6764	6.45	0.2	0.0364	0.2364	55	7	13	3
contig_4_s-_f2_orf93	16926.5	6	-0.0313	0.3217	0.0892	-0.2324	0.1652	26.0	64.13	-0.486	7.21	0.1469	0.0699	0.3916	143	19	13	21
contig_4_s-_f0_orf71	21365.1	12	-0.0179	0.4911	0.0973	-0.4305	0.2449	36.35	83.61	-0.1988	7.36	0.1479	0.0414	0.2604	169	39	27	16
contig_4_s-_f0_orf442	6477.6	2	-0.19	0.2679	0.2378	-0.07	0.2595	36.56	40.0	-1.0429	7.18	0.0893	0.0357	0.3214	56	10	8	12
contig_5_s-_f0_orf165	19123.8	18	-0.0739	0.3043	0.1496	-0.1884	0.1937	65.15	42.48	-0.6379	7.56	0.1366	0.0745	0.323	161	29	11	24
contig_4_s+_f1_orf283	10010.2	13	-0.0747	0.3294	0.1806	-0.2435	0.1902	61.66	64.24	-0.6871	7.76	0.0941	0.0235	0.3647	85	17	4	11
contig_6_s-_f0_orf514	7419.0	6	-0.2445	0.3226	0.0717	0.0321	0.3487	17.15	53.71	-1.1532	7.48	0.1129	0.0323	0.4516	62	13	7	10
contig_4_s-_f1_orf236	17783.4	8	0.0454	0.3557	0.2406	-0.2929	0.1337	26.33	54.3	-0.5295	7.27	0.1544	0.0537	0.3624	149	22	14	20
contig_2_s-_f1_orf16	8849.0	13	-0.0322	0.4521	0.1696	-0.3827	0.2188	38.56	76.03	-0.2849	7.89	0.1233	0.0137	0.2877	73	19	6	8
contig_5_s+_f2_orf420	17369.7	7	0.1056	0.3649	0.1053	-0.3628	0.0489	49.71	57.3	-0.2493	7.24	0.1892	0.0473	0.3919	148	16	9	26
contig_2_s+_f2_orf451	9674.6	3	-0.0592	0.3291	0.3564	-0.2547	0.2822	44.77	54.18	-0.7785	7.19	0.1266	0.0253	0.3544	79	14	11	7
contig_6_s-_f0_orf144	12806.0	3	-0.0352	0.4259	0.1312	-0.3126	0.1404	41.94	62.31	-0.3731	7.14	0.1204	0.037	0.3519	108	14	11	20
contig_1_s+_f1_orf290	20113.1	10	0.1477	0.4107	0.0836	-0.4474	0.0361	33.69	65.0	-0.2036	7.3	0.1786	0.0417	0.3512	168	22	12	28
contig_6_s+_f0_orf413	7529.4	5	0.0008	0.4127	0.2176	-0.3576	0.196	31.5	68.1	-0.373	7.4	0.1111	0.0159	0.3175	63	12	7	8
contig_4_s-_f1_orf168	10219.3	17	-0.166	0.3372	0.2885	-0.2356	0.2071	33.14	70.23	-0.5744	7.99	0.1047	0.0465	0.3721	86	23	6	16
contig_4_s-_f0_orf434	13817.2	7	0.0642	0.3739	0.1832	-0.346	0.1021	33.09	59.39	-0.3191	7.3	0.1565	0.0696	0.3043	115	16	9	15
contig_5_s-_f0_orf148	22030.2	10	0.0508	0.3611	0.1525	-0.3813	0.0799	19.65	61.67	-0.2906	7.28	0.1889	0.0611	0.2889	180	26	16	21
contig_5_s-_f0_orf520	14407.2	3	0.1406	0.4553	0.2124	-0.4823	0.121	37.3	91.14	0.1341	7.12	0.1301	0.0325	0.3659	123	14	11	18
contig_3_s-_f2_orf354	5193.9	2	0.1021	0.4419	0.1895	-0.4537	0.0726	22.17	52.09	-0.1256	7.23	0.1628	0.0465	0.3488	43	5	3	6
contig_2_s-_f0_orf154	14473.0	4	-0.052	0.4052	0.0917	-0.2982	0.1687	48.03	52.16	-0.6181	7.17	0.181	0.0345	0.3276	116	19	15	12
contig_4_s+_f1_orf23	5702.1	7	-0.3502	0.3043	0.0597	-0.0622	0.4333	37.37	59.35	-1.3174	7.76	0.0652	0.0217	0.2826	46	15	8	5
contig_4_s+_f0_orf254	20116.8	18	-0.0271	0.3118	0.1323	-0.268	0.148	44.41	60.88	-0.4453	7.53	0.1412	0.0706	0.3235	170	31	13	29
contig_3_s-_f2_orf201	18011.8	11	-0.0217	0.3469	0.1257	-0.2821	0.1019	66.51	47.82	-0.4986	7.37	0.2177	0.0544	0.3537	147	22	11	18
contig_4_s+_f2_orf289	18965.6	4	-0.0183	0.3704	0.3014	-0.1894	0.2684	42.06	64.44	-0.4506	7.12	0.1235	0.0432	0.3827	162	25	21	24
contig_5_s-_f0_orf398	22572.1	12	-0.041	0.3368	0.3112	-0.2053	0.1666	39.22	54.15	-0.6725	7.31	0.1244	0.0518	0.3782	193	29	17	37
contig_3_s-_f1_orf5	14041.0	19	-0.1485	0.4545	0.1526	-0.3575	0.2266	54.98	74.36	-0.4709	7.86	0.1636	0.0273	0.2636	110	32	13	9
contig_6_s-_f1_orf264	13776.7	7	0.0083	0.3361	0.398	-0.2512	0.2078	52.42	67.9	-0.5571	7.29	0.1092	0.0252	0.4454	119	17	10	21
contig_4_s+_f0_orf31	10761.7	6	-0.2071	0.3976	0.2892	-0.1642	0.3854	22.59	49.28	-1.1325	7.36	0.1687	0.0	0.3133	83	24	18	5
contig_4_s-_f2_orf408	18653.1	16	-0.0154	0.3459	0.1279	-0.2674	0.1634	17.46	56.98	-0.5792	7.5	0.1321	0.0377	0.3774	159	30	14	31
contig_4_s+_f1_orf26	7456.4	4	0.0938	0.5082	0.2647	-0.5811	0.1067	72.93	97.38	0.141	7.33	0.1475	0.0164	0.2951	61	11	7	9
contig_4_s+_f2_orf505	16363.7	9	0.1041	0.4101	0.2862	-0.3708	0.1512	54.4	76.47	-0.4022	7.32	0.1367	0.0072	0.3957	139	23	14	22
contig_3_s-_f2_orf271	12387.7	3	0.0429	0.3529	0.1761	-0.3139	0.1451	46.82	48.73	-0.5167	7.15	0.1667	0.049	0.3725	102	13	10	14
contig_2_s-_f0_orf25	18677.1	21	-0.1624	0.4305	0.0905	-0.2934	0.3128	27.37	84.5	-0.4583	7.7	0.1192	0.0265	0.298	151	43	22	15
contig_3_s-_f0_orf247	18899.8	15	0.0384	0.3585	0.2949	-0.3599	0.0514	34.43	49.62	-0.4352	7.47	0.1635	0.0503	0.3333	159	23	8	26
contig_5_s-_f2_orf73	19615.0	17	-0.0386	0.4342	0.1802	-0.4176	0.1578	23.59	62.83	-0.4421	7.56	0.1908	0.0526	0.1974	152	36	19	9
contig_3_s+_f2_orf77	19547.0	24	-0.092	0.4568	0.1468	-0.3211	0.1951	26.23	81.98	-0.3352	7.74	0.1235	0.0309	0.3395	162	40	16	27
contig_4_s-_f2_orf11	7520.1	2	-0.039	0.4098	0.3451	-0.3607	0.247	44.22	60.66	-0.5098	7.16	0.1475	0.0	0.2951	61	12	10	9
contig_1_s-_f1_orf557	20912.4	10	0.0935	0.3699	0.4023	-0.3983	0.0928	43.61	63.58	-0.1214	7.29	0.1908	0.0751	0.3121	173	23	13	18
contig_4_s+_f1_orf59	17343.2	28	-0.1412	0.4815	0.0935	-0.4851	0.1836	40.31	92.37	-0.3696	8.04	0.1111	0.0222	0.2074	135	42	14	8
contig_3_s-_f2_orf545	17606.8	7	0.043	0.3904	0.1508	-0.3677	0.1201	31.83	60.68	-0.1295	7.24	0.1644	0.0753	0.2945	146	21	14	14
contig_4_s-_f0_orf109	23017.0	14	0.0052	0.33	0.1492	-0.2236	0.191	60.57	56.1	-0.339	7.35	0.135	0.07	0.375	200	32	18	36
contig_3_s-_f1_orf64	5454.1	5	-0.0826	0.4419	0.0757	-0.317	0.2219	40.87	70.47	-0.6395	7.58	0.1628	0.0	0.2558	43	11	6	4
contig_2_s-_f0_orf515	9729.5	12	-0.1796	0.3	0.493	-0.1564	0.2076	7.33	53.62	-0.99	7.75	0.1375	0.025	0.375	80	17	5	11
contig_4_s+_f0_orf21	11829.6	5	0.2955	0.5789	0.0976	-0.7588	0.0293	35.41	126.11	0.5168	7.26	0.1789	0.0105	0.2211	95	17	12	5
contig_6_s+_f0_orf440	8010.6	3	0.0558	0.4058	0.1673	-0.3432	0.1187	80.44	55.22	-0.3377	7.22	0.1304	0.0145	0.4203	69	9	6	16
contig_4_s-_f1_orf38	6004.9	15	-0.2353	0.4043	0.1286	-0.3134	0.2262	25.46	51.91	-0.7936	8.6	0.1489	0.0213	0.2979	47	17	2	6
contig_2_s+_f0_orf315	12936.1	1	0.0251	0.3661	0.0478	-0.2915	0.1729	43.17	66.96	-0.2527	7.04	0.1161	0.0357	0.3214	112	13	12	16
contig_2_s-_f0_orf137	23176.4	19	0.0153	0.349	0.0391	-0.288	0.1276	28.81	48.28	-0.5651	7.49	0.1823	0.0521	0.375	192	34	15	30
contig_3_s+_f2_orf441	19393.5	25	-0.09	0.3291	0.1851	-0.2935	0.1376	54.72	61.71	-0.6791	7.79	0.1456	0.0443	0.2722	158	33	8	15
contig_2_s-_f2_orf511	11735.1	5	0.1748	0.4632	0.082	-0.6127	-0.0651	9.23	80.0	0.0863	7.26	0.2	0.0421	0.2105	95	12	7	10
contig_4_s-_f2_orf17	11124.3	7	0.0349	0.4421	0.2524	-0.3119	0.2768	34.99	81.16	-0.3295	7.37	0.0842	0.0105	0.3474	95	20	13	14
contig_6_s-_f0_orf543	12076.1	4	-0.0056	0.3725	0.2124	-0.2604	0.1615	2.05	59.31	-0.5078	7.2	0.1275	0.0392	0.3922	102	14	10	19
contig_5_s-_f0_orf57	15733.7	16	-0.1101	0.4365	0.0518	-0.3592	0.2157	15.58	70.4	-0.4095	7.63	0.1587	0.0238	0.2698	126	32	16	14
contig_6_s-_f0_orf415	10448.7	11	-0.0637	0.3736	0.3222	-0.1927	0.3092	36.93	62.09	-0.3066	7.6	0.0769	0.0659	0.3736	91	19	8	14
contig_5_s-_f1_orf3	3753.3	2	0.1947	0.5938	0.2064	-0.5262	0.1341	5.87	88.44	0.2906	7.31	0.0938	0.0312	0.3125	32	5	3	6
contig_2_s-_f2_orf89	19106.7	18	-0.1173	0.3741	0.1389	-0.3342	0.0685	63.3	51.16	-0.7082	7.61	0.2177	0.0748	0.2857	147	32	14	13
contig_3_s+_f0_orf224	10749.6	8	-0.0082	0.3516	0.2465	-0.281	0.1296	24.77	47.14	-0.5	7.44	0.1429	0.044	0.2967	91	13	5	13
contig_4_s+_f0_orf50	10952.2	15	-0.2588	0.3483	0.3445	-0.1153	0.3243	44.13	45.06	-1.0303	7.84	0.1124	0.0225	0.4045	89	26	11	14
contig_5_s+_f0_orf272	15300.5	2	0.0853	0.3835	0.1285	-0.3185	0.1944	40.94	78.5	-0.1541	7.08	0.1128	0.0451	0.3383	133	17	15	23
contig_1_s-_f1_orf544	18304.1	3	-0.0702	0.3684	0.3779	-0.2074	0.2032	43.39	52.76	-0.5112	7.1	0.1513	0.0658	0.3289	152	22	19	19
contig_4_s+_f2_orf99	4854.5	1	0.1026	0.4359	0.1799	-0.4869	0.0449	25.38	64.87	0.0103	7.13	0.1795	0.1026	0.2051	39	5	4	3
contig_5_s+_f1_orf48	13400.0	13	-0.0743	0.4685	0.4559	-0.3098	0.2777	48.16	94.05	-0.3937	7.59	0.0901	0.018	0.3333	111	29	16	18
contig_5_s+_f2_orf523	11628.8	3	0.0357	0.3684	0.146	-0.3849	0.0524	34.7	57.47	-0.5779	7.16	0.1789	0.0211	0.3474	95	11	8	11
contig_5_s-_f2_orf214	4412.7	2	0.1918	0.3421	0.1802	-0.4108	0.0684	26.1	53.95	-0.1316	7.26	0.2105	0.0526	0.3684	38	5	3	8
contig_6_s-_f2_orf24	9993.6	12	-0.0232	0.525	0.0312	-0.5062	0.2049	32.17	114.5	-0.0525	7.75	0.1125	0.0125	0.2375	80	22	10	5
contig_6_s-_f0_orf347	8397.4	5	-0.0333	0.3731	0.3281	-0.3136	0.1737	31.66	55.22	-0.4821	7.37	0.194	0.0746	0.3134	67	13	8	5
contig_1_s+_f0_orf430	9529.5	6	0.1345	0.4416	0.1084	-0.484	0.0399	46.71	83.64	-0.1727	7.39	0.2078	0.026	0.3117	77	13	7	9
contig_3_s-_f1_orf595	4795.2	5	-0.0578	0.3659	0.0536	-0.2141	0.0793	39.97	52.44	-0.5561	7.61	0.1463	0.0488	0.3171	41	6	1	8
contig_4_s-_f1_orf362	18530.9	4	-0.0356	0.3333	0.3823	-0.2535	0.1346	48.7	59.35	-0.5889	7.13	0.1699	0.0523	0.3399	153	20	16	21
contig_4_s-_f2_orf226	10694.7	10	-0.0704	0.3043	0.2226	-0.1862	0.2186	16.54	47.61	-0.5554	7.54	0.0978	0.087	0.3587	92	17	7	15
contig_4_s+_f2_orf14	7894.8	5	0.089	0.4921	0.1663	-0.4967	0.1857	41.46	69.68	-0.2286	7.4	0.1587	0.0159	0.254	63	14	9	7
contig_6_s-_f1_orf263	22473.6	13	-0.0436	0.3641	0.2268	-0.1929	0.2838	37.49	71.44	-0.4108	7.33	0.0821	0.0513	0.359	195	34	21	30
contig_1_s+_f2_orf292	19776.8	11	0.0049	0.372	0.1934	-0.3066	0.1177	51.13	57.07	-0.4616	7.34	0.1524	0.0732	0.3354	164	25	14	24
contig_2_s-_f1_orf491	12354.9	9	0.1772	0.43	0.1508	-0.5625	-0.0156	52.98	82.9	0.119	7.45	0.21	0.07	0.27	100	15	6	13
contig_5_s+_f0_orf13	10871.4	14	-0.0359	0.4432	0.1234	-0.3468	0.2895	21.02	73.18	-0.3648	7.8	0.1364	0.0341	0.3409	88	25	11	10
contig_5_s-_f2_orf607	23273.5	19	-0.0698	0.3646	0.1576	-0.2888	0.1448	39.16	70.57	-0.5786	7.49	0.1458	0.0312	0.3281	192	37	18	25
contig_4_s+_f0_orf9	11793.0	7	-0.13	0.4167	0.1858	-0.234	0.3679	43.22	81.25	-0.6104	7.36	0.1042	0.0208	0.3438	96	24	17	10
contig_3_s+_f0_orf445	5902.7	4	-0.1398	0.3	0.1264	-0.1584	0.2618	40.54	58.6	-0.532	7.4	0.08	0.12	0.42	50	9	5	7
contig_5_s-_f1_orf51	7238.8	9	0.0489	0.4219	0.3492	-0.2756	0.338	28.01	82.34	-0.2922	7.7	0.0625	0.0156	0.3906	64	16	7	13
contig_3_s-_f2_orf32	7085.1	2	0.2112	0.5593	0.3522	-0.6569	0.0144	48.27	120.51	0.5898	7.17	0.1525	0.0508	0.2203	59	9	7	7
contig_6_s+_f1_orf468	14636.1	18	-0.0078	0.352	0.2812	-0.2462	0.1888	21.36	58.64	-0.4912	7.72	0.136	0.048	0.424	125	26	8	25
contig_1_s-_f1_orf101	13542.9	-3	0.0619	0.4123	0.0737	-0.3175	0.152	54.81	65.96	-0.1825	6.87	0.1579	0.0526	0.3772	114	11	14	17
contig_5_s+_f2_orf162	13615.4	3	0.0736	0.3534	0.1133	-0.3187	0.1643	39.97	65.52	-0.4552	7.13	0.1379	0.0172	0.3534	116	15	12	21
contig_4_s+_f0_orf560	14867.2	11	0.0809	0.4062	0.3146	-0.3983	0.0599	30.43	67.81	-0.1711	7.43	0.1406	0.0391	0.3281	128	19	8	24
contig_3_s+_f1_orf35	18833.9	1	-0.0071	0.4702	0.2545	-0.3526	0.2604	64.16	74.17	-0.396	7.03	0.1589	0.0132	0.3046	151	29	28	12
contig_2_s+_f2_orf624	19366.2	5	0.0403	0.3797	0.214	-0.3696	0.0918	29.58	70.32	-0.4259	7.16	0.1835	0.0316	0.2785	158	21	16	14
contig_1_s+_f0_orf602	6614.7	3	0.115	0.3167	0.1103	-0.2633	0.0945	38.37	50.5	-0.3367	7.25	0.1333	0.05	0.3667	60	7	4	17
contig_6_s-_f2_orf357	20821.7	6	-0.036	0.3372	0.3435	-0.2476	0.1542	12.9	44.77	-0.6006	7.17	0.1628	0.0698	0.3605	172	25	19	25
contig_5_s+_f0_orf388	14385.6	2	0.0462	0.3729	0.1796	-0.3397	0.1529	41.43	72.71	-0.4119	7.08	0.1525	0.0508	0.2881	118	17	15	13
contig_3_s-_f2_orf211	7425.8	6	-0.0187	0.3438	0.0853	-0.1639	0.1473	32.67	45.94	-0.7703	7.47	0.1406	0.0625	0.4531	64	11	5	17
contig_1_s-_f1_orf438	13048.9	2	0.1186	0.3818	0.062	-0.4055	0.0092	51.98	70.91	-0.1955	7.09	0.2	0.0273	0.3273	110	11	9	21
contig_4_s+_f2_orf426	19883.6	15	-0.0551	0.3415	0.2872	-0.2133	0.2216	14.79	48.78	-0.7439	7.46	0.1524	0.0427	0.3902	164	30	15	23
contig_4_s-_f1_orf1	21718.6	17	-0.1053	0.44	0.1842	-0.2701	0.3129	35.8	63.54	-0.6103	7.49	0.12	0.0286	0.3486	175	44	27	19
contig_4_s-_f2_orf622	11739.4	1	0.0762	0.3398	0.1333	-0.3211	0.1483	57.33	78.54	-0.1748	7.05	0.1262	0.0388	0.3592	103	11	10	21
contig_5_s-_f1_orf39	9833.7	0	-0.0493	0.4444	0.3146	-0.2258	0.336	48.69	74.69	-0.5667	7.0	0.1235	0.0123	0.3457	81	16	16	11
contig_3_s-_f2_orf85	13929.6	19	-0.18	0.3894	0.3292	-0.1695	0.3278	26.66	59.65	-0.8796	7.84	0.1239	0.0177	0.3628	113	33	14	12
contig_4_s+_f1_orf92	22988.1	4	0.0596	0.375	0.1001	-0.3069	0.1729	50.34	69.65	-0.1635	7.1	0.115	0.065	0.335	200	25	21	33
contig_1_s-_f2_orf564	6166.8	0	0.077	0.3962	0.3372	-0.3851	0.1285	32.23	53.4	-0.2377	7.0	0.1321	0.0	0.3962	53	5	5	9
contig_3_s+_f0_orf260	15031.5	1	0.1087	0.4333	0.1632	-0.4488	0.0564	59.43	43.75	-0.4175	7.04	0.2167	0.025	0.275	120	14	13	11
contig_5_s+_f2_orf470	11391.5	10	-0.077	0.3511	0.3094	-0.2797	0.1596	8.94	67.34	-0.5521	7.53	0.1383	0.0532	0.3085	94	17	7	11
contig_3_s-_f1_orf558	13515.3	6	0.0087	0.3153	0.1154	-0.2798	0.0424	60.67	32.52	-0.6892	7.27	0.2432	0.045	0.3243	111	16	10	17
contig_2_s+_f1_orf401	12421.5	9	-0.071	0.3592	0.1287	-0.2983	0.1462	45.12	67.18	-0.5583	7.44	0.1553	0.0097	0.3301	103	19	10	17
contig_6_s+_f1_orf62	8861.8	9	-0.2934	0.3944	0.1634	-0.1527	0.3873	15.41	75.49	-0.9563	7.63	0.0986	0.0	0.338	71	21	12	8
contig_1_s-_f0_orf280	4301.8	2	0.1549	0.3714	0.0952	-0.4294	0.1574	7.94	66.86	-0.06	7.29	0.2	0.0857	0.2	35	7	5	3
contig_4_s-_f2_orf121	7187.8	-5	0.2233	0.4333	0.2017	-0.5245	-0.037	61.86	58.5	-0.2017	6.58	0.2	0.0	0.35	60	2	7	9
contig_6_s+_f0_orf605	24045.5	15	-0.0617	0.3283	0.1703	-0.2178	0.1582	32.9	43.94	-0.6803	7.38	0.1616	0.0758	0.404	198	33	18	29
contig_3_s+_f0_orf563	9784.8	11	-0.0013	0.3494	0.101	-0.3193	0.0741	30.3	41.2	-0.3988	7.66	0.1566	0.0602	0.3373	83	14	3	16
contig_2_s-_f0_orf635	10354.1	4	-0.0259	0.3409	0.1297	-0.3027	0.1223	21.64	62.05	-0.4852	7.23	0.125	0.0341	0.3182	88	12	8	14
contig_4_s+_f1_orf215	12775.4	14	-0.0395	0.3519	0.1917	-0.2524	0.2223	56.93	62.31	-0.45	7.65	0.1111	0.0648	0.3981	108	21	7	14
contig_3_s+_f1_orf616	11738.3	1	0.0922	0.4479	0.2637	-0.4245	0.1378	33.47	70.94	0.0188	7.05	0.1667	0.0833	0.2812	96	12	11	8
contig_3_s-_f1_orf82	10071.2	12	-0.1816	0.3625	0.1981	-0.2122	0.305	56.07	56.12	-0.8062	7.75	0.1625	0.0375	0.35	80	23	11	9
contig_1_s-_f0_orf132	21560.4	18	-0.1151	0.3022	0.2061	-0.1412	0.24	41.43	49.84	-0.8868	7.49	0.1319	0.0385	0.4176	182	34	16	26
contig_1_s-_f0_orf164	14600.7	6	-0.0453	0.325	0.1455	-0.2313	0.1267	47.13	44.67	-0.675	7.25	0.175	0.075	0.2833	120	18	12	16
contig_3_s+_f0_orf521	13431.9	6	0.0205	0.4196	0.2166	-0.3522	0.1617	46.1	74.82	-0.317	7.27	0.1339	0.0268	0.3214	112	17	11	14
contig_2_s+_f0_orf140	18518.0	5	0.0614	0.3924	0.1207	-0.3097	0.1157	5.86	59.87	-0.362	7.16	0.1519	0.0443	0.3797	158	18	13	27
contig_3_s+_f0_orf533	13613.1	8	0.0688	0.3945	0.0801	-0.4444	0.0307	40.25	54.59	-0.2982	7.37	0.2018	0.0642	0.2385	109	17	9	11
contig_1_s-_f2_orf67	7325.8	1	-0.1394	0.3333	0.0722	-0.0144	0.3594	50.93	49.52	-0.7635	7.08	0.0952	0.0794	0.3016	63	13	12	9
contig_2_s-_f0_orf329	18591.9	0	-0.0463	0.3145	0.0987	-0.2077	0.2341	24.19	50.82	-0.6082	7.0	0.1132	0.0189	0.3459	159	18	18	25
contig_5_s+_f0_orf222	21655.3	22	-0.0795	0.3778	0.1531	-0.2981	0.1837	40.13	61.78	-0.4794	7.61	0.1222	0.0389	0.3389	180	35	13	25
contig_6_s+_f2_orf307	19193.4	15	0.0081	0.4348	0.2397	-0.3538	0.1453	28.86	66.65	-0.1124	7.47	0.1615	0.0559	0.2857	161	30	15	23
contig_1_s+_f0_orf216	19425.8	5	-0.0143	0.311	0.2526	-0.2323	0.0932	21.48	42.8	-0.6201	7.15	0.1707	0.0671	0.3598	164	19	14	30
contig_3_s-_f1_orf572	9190.2	9	-0.0567	0.3947	0.2929	-0.2574	0.1786	47.26	39.74	-0.7461	7.59	0.1447	0.0	0.3816	76	14	5	11
contig_1_s-_f0_orf127	15857.2	9	0.0741	0.3409	0.0594	-0.305	0.0703	57.02	58.41	-0.4652	7.34	0.197	0.0758	0.4015	132	19	10	23
contig_2_s-_f0_orf581	4194.6	-1	0.1495	0.3947	0.4543	-0.4192	0.1934	37.53	81.84	0.2553	6.87	0.0789	0.0526	0.4211	38	3	4	8
contig_6_s-_f2_orf570	9518.1	-4	0.1081	0.3636	0.1327	-0.3334	0.0713	58.76	44.29	-0.5922	6.74	0.2338	0.0519	0.3377	77	7	11	10
contig_4_s-_f1_orf115	12329.5	6	0.0034	0.3663	0.0816	-0.315	0.1656	60.59	59.9	-0.4782	7.3	0.1683	0.0495	0.3465	101	17	11	13
contig_3_s-_f0_orf124	4733.2	-4	0.0164	0.3846	0.1446	-0.2974	0.1754	33.69	52.56	-0.4436	6.49	0.1538	0.0513	0.3846	39	2	6	6
contig_6_s-_f1_orf150	9497.1	-2	-0.0135	0.3415	0.1615	-0.1462	0.2283	51.28	50.12	-0.5171	6.88	0.1341	0.0732	0.4268	82	9	11	17
contig_5_s-_f1_orf551	14336.4	-1	0.0155	0.314	0.218	-0.2626	0.1964	47.79	68.43	-0.5124	6.96	0.1322	0.0496	0.3388	121	14	15	14
contig_3_s-_f2_orf12	9727.1	4	0.1356	0.5	0.3774	-0.5259	0.1245	34.51	96.25	0.2412	7.25	0.1375	0.0625	0.2625	80	13	9	8
contig_1_s+_f0_orf396	14727.5	2	-0.0732	0.3223	0.2637	-0.2043	0.1576	24.83	48.35	-0.795	7.08	0.1818	0.0413	0.3058	121	17	15	17
contig_1_s+_f1_orf36	3471.8	4	-0.0046	0.4286	0.0298	-0.3536	0.11	58.88	31.43	-0.4821	7.71	0.2143	0.0357	0.3929	28	6	2	5
contig_4_s+_f1_orf123	8924.9	-2	-0.025	0.3649	0.2113	-0.243	0.2147	43.9	57.97	-0.1986	6.86	0.1351	0.1351	0.2027	74	9	11	7
contig_3_s-_f1_orf507	17823.5	11	-0.0642	0.3425	0.2861	-0.296	0.1536	43.5	64.04	-0.5068	7.38	0.1575	0.0479	0.2603	146	27	16	17
contig_5_s+_f1_orf91	4038.6	2	-0.13	0.2941	0.2965	-0.0712	0.4679	37.28	45.88	-0.5529	7.29	0.0588	0.1176	0.3529	34	7	5	3
contig_5_s-_f2_orf52	18910.9	18	-0.0519	0.4423	0.2786	-0.3182	0.2154	52.88	70.71	-0.3641	7.58	0.1474	0.0321	0.2821	156	39	21	24
contig_4_s-_f2_orf75	4928.4	-5	0.0903	0.5128	0.2585	-0.4415	0.1774	48.42	94.87	-0.2436	6.36	0.1795	0.0	0.3077	39	4	9	3
contig_5_s-_f2_orf619	9572.0	1	0.0672	0.3735	0.1451	-0.3134	0.0522	62.09	45.78	-0.4361	7.06	0.1687	0.0241	0.3735	83	9	8	18
contig_1_s+_f0_orf235	14083.4	11	-0.0792	0.3661	0.2143	-0.3358	0.1011	45.19	54.73	-0.7732	7.49	0.1875	0.0268	0.2857	112	22	11	12
contig_6_s-_f2_orf240	10791.8	6	0.0328	0.3182	0.0888	-0.2356	0.2115	26.7	49.89	-0.5818	7.34	0.1591	0.1023	0.2841	88	15	9	8
contig_6_s+_f1_orf182	6253.9	7	0.0141	0.3529	0.0345	-0.3845	0.0624	51.42	51.57	-0.6176	7.69	0.1961	0.0196	0.3529	51	9	2	7
contig_1_s+_f1_orf248	12744.9	10	-0.1538	0.2843	0.319	-0.2369	0.0652	51.7	40.0	-0.9588	7.49	0.1961	0.0588	0.3431	102	18	8	14
contig_1_s-_f0_orf339	4353.7	0	0.1062	0.4324	0.0557	-0.3743	0.0759	39.16	55.41	-0.1	7.0	0.2162	0.027	0.4054	37	4	4	8
contig_5_s+_f2_orf371	9564.4	2	0.0095	0.3902	0.1701	-0.2388	0.3038	37.07	71.22	-0.4817	7.12	0.0976	0.0122	0.3293	82	14	12	10
contig_4_s+_f0_orf303	13520.9	11	-0.0372	0.3274	0.2436	-0.295	0.1269	65.24	54.25	-0.4027	7.49	0.1681	0.0619	0.3186	113	20	9	14
contig_3_s-_f1_orf535	12756.7	4	-0.048	0.3458	0.2708	-0.2321	0.1478	30.32	48.32	-0.6093	7.19	0.1589	0.0467	0.3271	107	16	12	17
contig_4_s+_f1_orf84	5978.7	-2	0.3432	0.56	0.1536	-0.6296	0.1864	34.76	93.4	0.548	6.8	0.16	0.02	0.3	50	6	8	7
contig_1_s-_f1_orf508	12972.8	14	-0.1413	0.2589	0.2168	-0.0425	0.2619	27.37	45.36	-0.975	7.62	0.125	0.0357	0.4375	112	23	9	22
contig_4_s-_f0_orf620	5203.7	7	-0.0695	0.2955	0.3594	-0.1684	0.3205	55.32	64.32	-0.8955	7.8	0.0455	0.0455	0.2955	44	10	3	4
contig_1_s+_f2_orf367	6855.5	7	0.0532	0.3898	0.1775	-0.2949	0.1349	31.61	53.05	-0.3559	7.59	0.1356	0.0508	0.4237	59	10	3	13
contig_1_s-_f0_orf518	5852.2	-2	0.1616	0.38	0.0847	-0.2752	0.099	26.82	53.0	-0.332	6.8	0.18	0.06	0.38	50	4	6	11
contig_1_s+_f0_orf579	9491.3	5	0.0434	0.3375	0.1854	-0.2841	0.1201	53.21	53.62	-0.4675	7.31	0.1625	0.0375	0.3	80	10	5	9
contig_6_s+_f1_orf526	19740.9	11	-0.0583	0.3851	0.0486	-0.2964	0.1812	33.22	67.89	-0.618	7.34	0.1429	0.0311	0.4037	161	30	19	23
contig_1_s-_f2_orf184	6284.6	6	-0.1556	0.2778	0.2271	-0.0841	0.3785	77.96	55.93	-0.8759	7.56	0.0926	0.037	0.4259	54	13	7	9
contig_4_s-_f2_orf589	7912.6	5	0.1806	0.3636	0.2556	-0.4373	0.0529	52.79	57.58	-0.3636	7.38	0.1818	0.0455	0.3485	66	10	5	13
contig_6_s-_f0_orf208	16893.5	23	-0.1302	0.2587	0.0546	-0.1288	0.2508	27.69	33.43	-0.8133	7.8	0.1119	0.0699	0.3217	143	33	10	22
contig_5_s+_f2_orf542	12208.3	4	-0.1461	0.3333	0.0999	-0.1225	0.3354	23.67	41.18	-0.748	7.2	0.0882	0.0686	0.3235	102	18	14	12
contig_1_s+_f0_orf42	10919.7	16	-0.1037	0.4598	0.2197	-0.3825	0.2068	37.74	81.84	-0.4092	7.92	0.1264	0.0345	0.3103	87	25	9	8
contig_4_s-_f2_orf381	19028.1	5	0.1296	0.3648	0.4129	-0.4155	0.059	34.1	62.45	-0.1937	7.16	0.1635	0.0818	0.3459	159	18	13	21
contig_3_s-_f2_orf436	22274.6	10	0.0433	0.3441	0.2142	-0.3369	0.121	35.65	47.63	-0.3306	7.27	0.1559	0.0699	0.2634	186	27	17	22
contig_2_s-_f1_orf163	12133.3	12	0.0403	0.3301	0.0723	-0.3547	0.0742	43.23	49.13	-0.4816	7.58	0.1553	0.0291	0.3301	103	15	3	16
contig_2_s-_f1_orf335	6359.0	4	0.06	0.3455	0.1978	-0.3282	0.1453	34.96	67.27	-0.4636	7.36	0.1091	0.0182	0.4	55	7	3	7
contig_4_s-_f1_orf409	8775.4	6	-0.1762	0.3014	0.0143	-0.0511	0.3559	57.07	42.74	-1.1315	7.41	0.1096	0.0137	0.3836	73	15	9	8
contig_2_s+_f0_orf546	13106.3	-5	0.026	0.3761	0.2359	-0.3159	0.2372	22.23	64.4	-0.4	6.77	0.1193	0.0459	0.3394	109	13	18	12
contig_4_s+_f0_orf374	19311.4	5	-0.0603	0.3193	0.2246	-0.1584	0.2039	37.22	46.99	-0.8145	7.15	0.1205	0.0301	0.3855	166	22	17	30
contig_1_s+_f2_orf96	17088.7	7	-0.0792	0.338	0.2324	-0.1873	0.2274	54.61	47.39	-0.7338	7.25	0.1268	0.0493	0.3803	142	21	14	17
contig_1_s+_f1_orf432	8032.9	4	-0.0633	0.3333	0.0955	-0.1423	0.2939	14.67	60.87	-0.3971	7.29	0.0725	0.1014	0.3043	69	11	7	9
contig_4_s+_f0_orf517	22912.5	11	0.0086	0.3474	0.2569	-0.3183	0.1504	57.72	64.68	-0.3811	7.29	0.1421	0.0789	0.3316	190	29	18	22
contig_6_s-_f0_orf277	22168.5	2	0.1443	0.3777	0.1537	-0.3968	0.1336	46.59	67.34	-0.1059	7.05	0.1436	0.0691	0.3617	188	20	18	28
contig_4_s-_f0_orf245	6863.6	0	-0.1426	0.3103	0.1855	-0.1157	0.3381	50.02	55.52	-0.5069	7.0	0.0862	0.1034	0.3276	58	9	9	7
contig_1_s-_f0_orf56	4229.3	1	-0.1134	0.4	0.1057	-0.2237	0.25	38.28	69.71	-0.5829	7.14	0.1429	0.0	0.2286	35	7	6	5
contig_4_s+_f0_orf363	11491.0	11	-0.0098	0.3548	0.2856	-0.3441	0.069	30.12	50.32	-0.4043	7.59	0.1828	0.0968	0.3548	93	16	5	13
contig_6_s+_f1_orf578	17064.9	11	0.0414	0.4	0.2882	-0.3984	0.0729	23.21	66.86	-0.3564	7.39	0.1714	0.05	0.3214	140	23	12	19
contig_5_s+_f1_orf259	18570.8	4	-0.1419	0.3168	0.3258	-0.0934	0.3366	29.0	59.44	-0.787	7.12	0.0621	0.0435	0.3727	161	27	23	26
contig_3_s+_f1_orf559	21594.7	23	-0.0631	0.3543	0.0316	-0.3263	0.1053	44.0	52.34	-0.7457	7.66	0.1829	0.0171	0.3371	175	37	14	24
contig_6_s-_f1_orf108	7728.6	0	0.0469	0.3281	0.2582	-0.2998	0.1438	32.97	51.72	-0.4484	7.0	0.1719	0.0312	0.3594	64	7	7	6
contig_4_s-_f0_orf217	17909.3	3	0.029	0.366	0.1003	-0.3075	0.0928	62.14	59.87	-0.415	7.1	0.1373	0.0458	0.3464	153	16	13	25
contig_6_s-_f2_orf600	14969.0	7	-0.0547	0.3571	0.2322	-0.2226	0.1631	66.9	48.1	-0.6714	7.28	0.1508	0.0397	0.3254	126	19	12	22
contig_1_s-_f1_orf160	13437.8	10	0.0336	0.3879	0.1816	-0.3066	0.1572	56.51	75.6	-0.3491	7.43	0.1121	0.0431	0.3707	116	18	8	19
contig_3_s-_f0_orf139	17240.4	10	-0.1457	0.2917	0.2406	-0.1147	0.2566	87.55	40.62	-0.9292	7.35	0.1389	0.0556	0.3403	144	29	19	21
contig_6_s+_f1_orf136	7604.3	5	-0.0119	0.3226	0.1148	-0.2635	0.1232	52.31	36.13	-0.7806	7.4	0.2097	0.0484	0.4677	62	10	5	9
contig_4_s+_f0_orf402	22148.2	8	-0.2091	0.2486	0.2571	-0.0178	0.3144	17.58	47.51	-1.0973	7.22	0.1351	0.0324	0.4162	185	34	26	32
contig_1_s+_f0_orf37	20170.7	21	-0.1048	0.4545	0.1755	-0.2907	0.302	37.26	86.42	-0.4788	7.64	0.097	0.0182	0.3273	165	44	23	21
contig_3_s+_f1_orf153	20691.7	13	-0.0621	0.2584	0.2127	-0.1487	0.2272	32.5	44.94	-0.8079	7.37	0.1292	0.0449	0.382	178	31	18	37
contig_1_s-_f0_orf428	23113.2	6	0.0407	0.3947	0.1335	-0.3584	0.0936	11.61	63.05	-0.43	7.16	0.1737	0.0474	0.2947	190	27	21	23
contig_3_s-_f0_orf556	10931.8	3	0.152	0.4222	0.0244	-0.4299	0.0236	56.44	50.89	-0.3756	7.17	0.2111	0.0333	0.3333	90	12	9	15
contig_6_s-_f1_orf590	11088.0	11	-0.1568	0.3011	0.1792	-0.1531	0.2722	57.15	49.25	-0.9194	7.59	0.0968	0.0108	0.3226	93	19	8	12
contig_4_s+_f0_orf15	14485.8	4	-0.1787	0.3866	0.3312	-0.1076	0.432	37.87	55.8	-0.795	7.17	0.0924	0.042	0.3445	119	28	24	16
contig_5_s+_f0_orf125	21284.2	20	-0.0914	0.3277	0.1766	-0.1937	0.1767	55.63	53.45	-0.7192	7.56	0.1469	0.0621	0.3729	177	36	16	28
contig_1_s-_f2_orf316	9475.4	-2	0.1246	0.4198	0.1711	-0.3704	0.1301	30.61	72.35	-0.1025	6.88	0.1358	0.037	0.4321	81	7	9	18
contig_1_s-_f1_orf103	22035.0	8	-0.0169	0.3736	0.165	-0.3098	0.1701	59.87	68.46	-0.5187	7.22	0.1593	0.0165	0.3297	182	29	21	22
contig_4_s+_f1_orf467	23779.8	11	-0.0248	0.3417	0.1751	-0.2606	0.1741	31.4	62.71	-0.6055	7.28	0.1307	0.0452	0.3266	199	32	21	24
contig_4_s-_f2_orf538	20564.2	12	0.002	0.3693	0.1456	-0.2574	0.1707	29.0	66.53	-0.3278	7.34	0.125	0.0739	0.3125	176	28	16	32
contig_1_s+_f2_orf571	16426.8	9	-0.1042	0.3237	0.3239	-0.1648	0.2295	32.92	49.86	-0.7108	7.32	0.1007	0.0647	0.3885	139	23	14	24
contig_2_s-_f0_orf76	9035.0	2	-0.0426	0.4306	0.3772	-0.3506	0.2197	42.12	62.22	-0.6903	7.14	0.1528	0.0139	0.3472	72	15	13	8
contig_1_s+_f2_orf509	18918.9	4	0.0805	0.3861	0.2215	-0.3453	0.1729	11.96	61.01	-0.2468	7.13	0.1646	0.0696	0.3608	158	23	19	21
contig_3_s-_f1_orf433	18971.6	8	-0.0598	0.3125	0.136	-0.2512	0.1867	57.58	65.12	-0.5756	7.25	0.1313	0.0437	0.3187	160	25	17	20
contig_6_s-_f2_orf582	4465.0	5	-0.1179	0.3421	0.1869	-0.2176	0.2539	24.55	59.21	-0.4184	7.66	0.0789	0.0789	0.3421	38	8	3	7
contig_1_s-_f1_orf318	8709.5	1	-0.0225	0.3467	0.1512	-0.1976	0.2355	58.15	65.07	-0.28	7.07	0.1333	0.0667	0.4	75	9	8	11
contig_1_s-_f0_orf302	9529.2	0	0.0681	0.3827	0.2	-0.3391	0.1356	41.45	69.75	-0.3395	7.0	0.1358	0.037	0.358	81	10	10	15
contig_1_s+_f1_orf597	20737.3	26	-0.109	0.3697	0.3048	-0.2997	0.1519	37.55	54.91	-0.7709	7.79	0.1636	0.0424	0.3333	165	39	13	16
contig_3_s-_f0_orf317	5922.2	2	0.1271	0.3654	0.2536	-0.3008	0.0248	50.96	50.77	-0.2596	7.19	0.1923	0.0577	0.3846	52	6	4	14
contig_2_s+_f2_orf540	6413.8	0	0.1364	0.3393	0.2488	-0.3607	0.1121	21.41	46.96	-0.225	7.0	0.1429	0.0357	0.3214	56	5	5	11
contig_1_s-_f1_orf422	11532.2	-1	0.006	0.3367	0.1826	-0.251	0.0614	45.13	45.82	-0.7102	6.95	0.1531	0.0204	0.3163	98	7	8	16
contig_6_s-_f0_orf403	13422.8	-2	0.1874	0.4138	0.0166	-0.4068	0.1033	74.25	58.88	-0.0578	6.91	0.1379	0.0517	0.4052	116	10	12	22
contig_4_s+_f1_orf8	12605.8	7	-0.125	0.3883	0.2729	-0.2028	0.3306	41.95	66.31	-0.6864	7.34	0.1068	0.0485	0.2718	103	26	19	10
contig_5_s+_f0_orf243	20223.4	3	-0.0979	0.2941	0.1436	-0.1171	0.2114	39.92	42.0	-0.8471	7.09	0.1412	0.0706	0.3765	170	24	21	29
contig_5_s+_f0_orf519	18807.5	1	-0.1805	0.2803	0.206	-0.044	0.2673	34.13	39.17	-1.1382	7.03	0.1401	0.0255	0.3885	157	25	24	29
contig_2_s-_f2_orf185	17741.0	2	-0.0418	0.3529	0.2199	-0.1827	0.2742	35.82	65.69	-0.5529	7.07	0.1046	0.0327	0.4118	153	22	20	26
contig_5_s-_f2_orf87	22433.9	19	-0.022	0.4775	0.0879	-0.4318	0.1651	64.71	77.75	-0.2584	7.53	0.1573	0.0393	0.2753	178	40	21	13
contig_6_s+_f0_orf405	16180.2	-7	0.0499	0.3504	0.2799	-0.222	0.2728	34.55	52.7	-0.4723	6.74	0.1533	0.0511	0.3942	137	16	23	20
contig_2_s+_f1_orf469	10837.5	1	0.0462	0.3804	0.0154	-0.2546	0.185	31.55	60.54	-0.413	7.05	0.1413	0.0543	0.3804	92	13	12	16
contig_1_s-_f2_orf532	7512.0	7	-0.1436	0.2687	0.1006	-0.0281	0.2937	35.18	34.93	-0.7254	7.52	0.0896	0.0746	0.4179	67	12	5	13
contig_5_s+_f1_orf230	15784.4	-7	0.0652	0.3551	0.2557	-0.2446	0.1417	47.89	56.52	-0.4312	6.75	0.1449	0.0507	0.3333	138	13	20	29
contig_6_s+_f1_orf424	6810.1	0	-0.0766	0.1864	0.1082	-0.0334	0.1753	47.7	16.61	-0.8881	7.0	0.1864	0.1017	0.4576	59	6	6	12
contig_1_s-_f2_orf591	9095.6	4	-0.2008	0.2597	0.1029	-0.02	0.3886	58.64	44.29	-1.0377	7.26	0.0909	0.039	0.2987	77	16	12	8
contig_2_s+_f2_orf234	21273.7	15	-0.258	0.2659	0.3872	-0.0279	0.259	62.24	35.55	-1.2613	7.43	0.1503	0.052	0.3815	173	37	22	26
contig_2_s+_f0_orf604	17584.7	-3	0.0911	0.3733	0.0286	-0.2765	0.1997	6.65	57.87	-0.394	6.9	0.16	0.0467	0.3667	150	20	23	23
contig_2_s-_f1_orf625	9913.6	5	-0.0528	0.2644	0.2266	-0.1002	0.2861	47.81	48.28	-0.6402	7.29	0.069	0.1034	0.3678	87	13	8	15
contig_2_s-_f0_orf392	12274.0	-3	-0.0381	0.3204	0.0673	-0.1535	0.2269	47.27	49.32	-0.8136	6.85	0.165	0.0485	0.3883	103	14	17	14
contig_1_s+_f2_orf567	4333.6	0	-0.0238	0.2973	0.0734	-0.1643	0.197	42.56	39.46	-0.5784	7.0	0.1622	0.0541	0.4054	37	4	4	7
contig_1_s-_f1_orf386	11888.9	-6	0.137	0.38	0.2079	-0.3681	0.1116	34.12	52.7	-0.294	6.7	0.17	0.03	0.36	100	5	11	15
contig_3_s-_f1_orf418	15411.9	1	0.0727	0.4046	0.2	-0.3079	0.1918	63.16	69.24	-0.3015	7.04	0.1221	0.0382	0.3053	131	16	15	16
contig_2_s-_f2_orf448	13558.3	8	-0.0966	0.2797	0.2759	-0.1203	0.2901	60.23	52.12	-0.8364	7.34	0.0847	0.0424	0.3644	118	21	13	20
contig_3_s-_f2_orf473	9466.0	-9	0.2049	0.3875	0.3332	-0.3922	0.0126	47.13	43.88	-0.1188	6.44	0.1875	0.1125	0.275	80	3	12	14
contig_2_s-_f2_orf337	6382.9	0	0.0261	0.3333	0.2264	-0.2006	0.2467	47.81	54.26	-0.413	7.0	0.1111	0.0926	0.2778	54	7	7	8
contig_6_s+_f0_orf592	13110.0	14	-0.2134	0.287	0.201	-0.0887	0.2016	71.29	32.59	-1.1963	7.65	0.1481	0.0278	0.4259	108	22	8	19
contig_6_s-_f1_orf119	3640.8	-1	-0.0965	0.3548	0.2402	-0.0526	0.2906	30.31	34.84	-0.6161	6.84	0.1613	0.0323	0.3548	31	4	5	5
contig_4_s+_f2_orf18	11788.4	8	-0.4722	0.2604	0.1515	0.1705	0.5977	54.17	52.92	-1.5427	7.42	0.0417	0.0521	0.3125	96	31	23	11
contig_3_s-_f1_orf134	3519.8	3	-0.1097	0.2903	0.0789	-0.1168	0.3932	12.54	59.68	-0.8065	7.48	0.0323	0.0	0.4516	31	6	3	6
contig_2_s+_f0_orf614	11653.7	-4	0.0535	0.4141	0.3085	-0.3077	0.1728	55.6	53.23	-0.3808	6.8	0.1515	0.0303	0.3939	99	11	15	16
contig_1_s+_f1_orf611	15515.0	-3	0.1398	0.4122	0.3983	-0.3746	0.1112	72.33	70.76	-0.0359	6.89	0.1679	0.0687	0.374	131	11	14	21
contig_4_s-_f1_orf481	8559.5	-2	0.021	0.4058	0.4562	-0.3488	0.2038	28.66	56.38	-0.4333	6.86	0.1594	0.0435	0.3043	69	9	11	5
contig_5_s-_f1_orf344	5620.1	1	-0.2834	0.1915	0.1014	0.0891	0.444	37.75	24.89	-1.0894	7.11	0.0851	0.1277	0.2979	47	10	9	3
contig_1_s-_f2_orf482	3515.6	4	-0.1193	0.2667	0.1385	-0.1323	0.116	27.93	32.67	-1.1433	7.67	0.1667	0.0	0.4	30	6	2	9
contig_1_s+_f1_orf574	5141.5	1	0.0567	0.2667	0.084	-0.2231	0.2791	52.36	49.78	-0.5533	7.11	0.1111	0.0444	0.5111	45	5	4	7
contig_4_s-_f2_orf575	14073.2	1	0.1487	0.3413	0.4187	-0.321	0.1535	12.65	62.7	-0.0341	7.04	0.0952	0.1032	0.3651	126	12	11	26
contig_5_s+_f1_orf281	8784.6	1	0.0873	0.3718	0.2361	-0.2731	0.2786	47.57	72.44	-0.1397	7.06	0.0641	0.0641	0.4103	78	9	8	11
contig_2_s-_f1_orf618	17989.6	1	-0.0104	0.3444	0.1438	-0.2071	0.2138	27.53	50.4	-0.5735	7.03	0.1656	0.0464	0.3775	151	22	21	20
contig_5_s-_f1_orf512	3467.9	0	0.1227	0.4333	0.0866	-0.3707	0.259	38.5	78.0	-0.0167	7.0	0.0667	0.0333	0.3	30	4	4	3
contig_6_s+_f0_orf282	6487.9	1	0.0429	0.3214	0.2258	-0.2205	0.0832	40.18	38.39	-0.4821	7.09	0.1429	0.0893	0.375	56	5	4	12
contig_3_s-_f1_orf187	4612.2	1	0.1722	0.4865	0.049	-0.5232	-0.0519	64.61	65.95	-0.1757	7.14	0.2162	0.027	0.2432	37	4	3	4
contig_1_s-_f2_orf500	15174.6	-4	0.0927	0.4	0.2939	-0.3966	0.0943	25.17	74.0	-0.208	6.84	0.184	0.04	0.312	125	12	16	13
contig_6_s+_f0_orf352	14385.8	0	0.0702	0.4098	0.2879	-0.3913	0.1503	11.05	84.67	-0.1189	7.0	0.1148	0.0574	0.3279	122	14	14	17
